,parts,quotes,names,scenes
0,全般,○○じゃあないか,ほぼ全ての登場人物,○○じゃないかとジョジョ世界の住人らしく思考・発言したい時に
1,全般,この○○,ディオ、ストレイツォはじめ多くの登場人物,一人称
2,第1部,"なっ、何をするだァーッ！
ゆるさんッ！",ジョナサン,相手の突然の行動が許せないときに
3,第1部,"やったッ！！さすが［ディオ］！
おれたちにできない事を
平然とやってのけるッ！
そこにシビれる！あこがれるゥ！",ディオの取り巻きの小僧,相手の行動を褒め称えるときに
4,第1部,人の名を！ずいぶん気やすく呼んでくれるじゃあないか,ディオ,気に食わない誰かに名前を呼ばれたときに
5,第1部,"おれは［人間］をやめるぞ！
［ジョジョ］ーッ！！",ディオ,何かをやめるときに
6,第1部,貧弱！貧弱ゥ！,ディオ,相手の攻撃が効いていない事を示すときに
7,第1部,"ところで［にいちゃん］
［コルクぬき］もってなぁい？",ツェペリ,物を借りたいときに
8,第1部,"あぶなァ―――い！
上から襲って来るッ！",スピードワゴン,上から何かが来る事を教えるときに
9,第1部,あんたは黙っとれ！,ツェペリ,うるさい相手を黙らせたいときに
10,第1部,"ルン！ルン！ルン！　ぬウフフフ
たまげたかァああ！",怪人ドゥービー,ルンルン気分で誰かを驚かせたときに
11,第1部,"［肉体（ボディ）］…
来たか…",ディオ,待ち望んでいた何かが来たときに
12,第1部,ああ！う…美しすぎます！,エリナ,美しいものを見たときに
13,第2部,今日は冷えるなあ！,スモーキー,いつもより寒い日に
14,第2部,逃げるんだよォ！,ジョセフ,これから逃げるときに
15,第2部,（［ディオ］とはちがう）,ストレイツォ,誰かと自分の違いを述べるときに
16,第2部,わたしの視力は［1.5］です,シュトロハイムの部下,自分の視力をアピールするときに
17,第2部,ハッピーうれピーよろピくねーーー,ジョセフ,初対面の人に挨拶するときに
18,第2部他,グラッツェ！,ジョセフ他,"感謝の気持ちを伝えるときに
応用：ディ・モールト　グラッツェ"
19,第2部,オーノーだズラ,ジョセフ,相手に「もうダメだ」と諭すときに
20,"第3部・
第6部",やれやれだぜ（やれやれだわ）,"空条承太郎、
空条徐倫","面倒な物事に巻き込まれたときに。
もしくは、何かに呆れたときに"
21,"第3部・
他",オラオラオラオラオラオラァ！,"空条承太郎、
空条徐倫
ジョニィ
東方定助","相手にパンチの乱打を叩き込むときに
またはそこから転じて、 短時間の間に連続で何かをやるときに（ボタン連打など）"
22,第3部,やあ　さっきぶり,花京院（アニメ版）,先ほど出会った相手と、少しも立たないうちに再会してしまったときに
23,第3部,"お前が悪いのだ［JOJO］
お前の責任だ これは［JOJO］…
お前のせいだ おまえがやったのだ",花京院,他人に責任を転嫁したいときに
24,第3部,"それじゃあー やっぱりィ
［てめーのこと］じゃあねーかアーッ",承太郎,やっぱりそうだったときに
25,第3部,そうかな,花京院,強気になって対抗するときに
26,第3部,ありがとう（メルシーボークー）,アヴドゥル,フランス人に合わせて感謝の気持ちを伝えるときに
27,第3部,ブラボー！おお…ブラボー！！,ポルナレフ,相手を賛美するときに
28,第3部,なるほど…これが武士道！,アヴドゥル（アニメ版）,相手から武士道精神を感じた時に
29,第3部,だめだね,承太郎、アヴドゥル,相手の頼み、懇願を無情に断るときに
30,第3部,レロレロレロレロ,花京院,さくらんぼや飴玉などを舐めるときに
31,第3部,ドゥーユゥーアンダスタンンンンドゥ！,ラバーソール,相手に理解できたか尋ねるときに
32,第3部,バクシーシ,乞食他,恵んで欲しいときに
33,第3部,"『［銃は剣よりも強し］』
ンッン～ 名言だな これは",ホル・ホース,名言・格言や、自分が好きだと思っている言葉を紹介するときに
34,第3部,『正義（ジャスティス）』は勝つ！,エンヤ婆,勝ち誇るときに
35,第3部,Hail 2 U!,ジャッジメント,相手の幸運を祈るときに
36,第3部,YES I　AM!,アヴドゥル,返事をするときや、名前を呼ばれたときに
37,第3部,4つにしてくれ,アヴドゥル,4つにして欲しいときに
38,第3部,今ので覚えた・・・,アヌビス神,何かを新しく覚えたときに
39,第3部,えらいネェ～,アレッシー,誰かをほめるときに
40,第3部,えらくないッ！,アレッシー,誰かをしかるときに
41,第3部,"Exactly
（そのとおりでございます）",ダービー弟,肯定するときに
42,第3部,"YES!YES!YES!""OH MY GOD""",ジョセフ,肯定するときに
43,第3部他,無駄無駄無駄無駄無駄無駄無駄無駄無駄無駄無駄無駄無駄ァーーーッ,"DIO
ジョルノ
Dio
他",無駄なことを示すときに
44,第3部,てめーはおれを怒らせた,空条承太郎,激怒したときに
45,第4部,味もみておこう,岸辺露伴,味見をするときに
46,第4部,『［たべっ子どうぶつ］』ひとつどお？,靴のムカデ屋の店主,お菓子を勧めるときに
47,第4部,『スタンド』も月までブッ飛ぶこの衝撃…,東方仗助,衝撃的な事を聞いて唖然としたときに
48,第4部,コッチヲ見ロォ～,シアー・ハート・アタック,相手に自分の方を見てほしいときに
49,第4部,"『ジャンケン』で決めよ～よ
『ジャンケン』でぇ～～～～
ねえっ～～？",大柳賢（ジャンケン小僧）,ジャンケンで何かを決めるときに
50,第4部,だが断る,岸辺露伴,相手の誘いを断るときに
51,第5部,『［ギャング・スター］』にあこがれるようになったのだ！,ナレーション,自分の将来の夢を見つけたときに
52,第5部,スマン　ありゃウソだった,ジョルノ,嘘だった事を告白するとき。若しくは、前言を撤回するときに
53,第5部,しょうがねえなぁ～ッ,ホルマジオ,重い腰を上げ、行動を起こすときに
54,第5部,許可しないィィィィーーーーッ,イルーゾォ,許可を与えたくないときに
55,第5部,［キャプテン翼］やってるぜ,ミスタ,テレビをつけたらたまたま、知っているアニメやドラマが放映中だったときに
56,第5部,アリーヴェデルチ,ブチャラティ,さよならのあいさつをするときに
57,第5部,ディ・モールト,メローネ,何かを『非常に』と修飾するときに
58,第5部,ボラーレ・ヴィーア,ナランチャ,相手を派手にぶっ飛ばしてやったときに
59,第5部,ベネ,ジョルノ,何かがうまくいったときに
60,第5部,やるしかない・・・,ジョルノ,覚悟を決めて、行動を起こすときに
61,第6部,なにをやってんだああああああ,エルメェス,突然相手が訳の分からない行動を始めたときに
62,第6部,決着ゥゥーーーーーーーッ！！,空条徐倫,決着ゥをつけたときに
63,第6部,"恥を知りなさいッ！
［障害者から盗む］などとはッ！！",判事,悪事を働いたものを叱るときに
64,第6部,"ぼくの名前は･･････
ぼくの名前は［エンポリオ］です",エンポリオ,自分の名前を名乗るときに
65,第7部,ルックスもイケメンだ,スティール,相手にイケメンを紹介するときに
66,第7部,できるわけがない,ジョニィ,不可能に思える物事を否定するときに
67,第7部,スイませェん…,ブラックモア,申し訳なく謝るときに
68,第7部,"3（サン）キュー
4ever（フォーエヴァー）",ジャイロ,感謝するときに
69,第7部,ひとり分で結構,ウェカピポ,謝礼や贈り物などを受け取る際、1人分（自分の分）だけで構わないことを示すときに。もしくは、受取り物が多すぎたときに
70,第7部,"『祈って』おこうかな.........
［航海］の無事を.........",ジョニィ,何かに対して祈るときに
71,第7部,［クマ］に注意！,看板,危険な野生動物を注意するときに
72,第8部,オレェ？,東方定助,呼びかけに応える際に
73,第8部,.........あったのォォ～～～～～～～？,東方定助,隠してた物や紛失物があっさり見つかったときに
74,第8部,キャアーリィーーフォーーニヤアァァ,東方大弥,軽い挨拶に
75,第8部,勝ったのは［オレ］です,東方定助,自分が勝ったときに
76,第8部,チラッ…とだぞ,東方憲助,普段人に見せない何かをチラッと見せるときに
77,岸辺露伴は動かない,"ぼくの名は［岸辺露伴］
［マンガ家］だ",岸辺露伴,自己紹介をするときに
78,岸辺露伴は動かない,だが帰る,岸辺露伴,これから帰るときに
79,岸辺露伴は動かない　～密漁海岸～,だから気に入った,岸辺露伴,"相手の意見をほめる時に。
（相手の意見を先に否定してから使うとベネ（良し））"
80,岸辺露伴は動かない　～密漁海岸～,"オイオイオイオイオイ
オイオイオイオイ
オイオイオイ
オイオイオイ
オイオイオイオイオイ",岸辺露伴,違法な事や、その他なにかトンデモない事を相談されたときに
81,岸辺露伴は動かない　～密漁海岸～,"ナアナアナアナアナア
ナアナアナアナア
ナアナアナアナアナア
ナアナアナアナアナア
ナアナアナアナアナア
ナアナアナアナアナア",岸辺露伴,何か相談された際、「［ライトを照らすこと（＝ショボイこと）］をするだけでいいと言われたとき
82,OVER HEAVEN,続きは明日だ。,DIO,日誌やブログ（HP）の更新などを先に延ばすときに
83,荒木作品全般,"ゴゴゴゴゴゴゴゴゴ
ドドドドドドドドド",（効果音）,緊張している雰囲気、何かヤバい雰囲気のときに
84,全般,To Be Continued…,（演出）,話の終わりを示す時に。
85,第1部,"［ディオォォオオ］ーーーーッ
君がッ 泣くまで 殴るのをやめないッ！",ジョナサン,相手が泣き出すまで容赦なくフルボッコにするときに
86,第1部,僕は本当の［紳士］をめざしているからだ！,ジョナサン,何かを目指している事を表明するときに
87,第1部,［食べ残しのチョコ］だ！やったね,ジョナサン,お腹がすいた時に食べ物を見つけたときに
88,第1部,酒！飲まずにはいられないッ！,ディオ,飲まなきゃやってられないときに
89,第1部,まあ！［ジョジョ］ったら、いけないひとッ！,エリナ,いけないことをする人を見かけたときに
90,第1部,"アチャ――ッ！何を気どっているね――ッ！
［東洋の神秘　中国拳法　この蹴り］をくらってあの世まで飛んでいくねーッ！",東洋人の浮浪者,気どっている奴に何か（飛び蹴りなど）をお見舞いするときに
91,第1部,"［サツ］のだんな！
［窓］から離れろォー！",スピードワゴン,急いでどこかから離れるよう指示するときに
92,第1部,"逆に考えるんだ
［あげちゃってもいいさ］と考えるんだ",ジョージ・ジョースター,発想を逆転させたいときに
93,第1部,"「誰だ？」って聞きたそうな表情（かお）してんで自己紹介させてもらうがよ
おれぁ［おせっかい焼き］の［スピードワゴン］！",スピードワゴン,自己紹介するときに
94,第1部,［スピードワゴン］はクールに去るぜ,スピードワゴン,邪魔をせず、静かに立ち去るときに
95,第1部,"［人間］讃歌は「［勇気］の讃歌」ッ!!
［人間］のすばらしさは［勇気］のすばらしさ!!",ツェペリ,何かの素晴らしさを伝えたい時、あるいは確認したいとき
96,第1部,おまえは今まで食ったパンの枚数をおぼえているのか？,ディオ,覚えていられないのほどの数を示すときに
97,第1部,ねーちゃん！あしたっていまさッ！,ポコ,勇気を振り絞って何かを実行するときに
98,第1部,"いいだろう！君もすでに［仮面］の怪奇（ウートレ）に片足をつっこんだ［男］！
［このわたしの過去］をちょっぴり話してやろう",ツェペリ,自分に関係のある怪奇な出来事について他人に話してやるときに
99,第1部,"おれの名は［ペイジ］
［ジョーンズ］
［プラント］
［ボーンナム］",吸血鬼たち,複数人（4人）で自己紹介するときに
100,第2部,おとなはウソつきではないのです,荒木飛呂彦（単行本コメント）,自分を「嘘つき」と呼ぶ子供に対して、誤解を解く（謝る）ときに
101,第2部,意味なんてねー！スカッとするからしてるだけなんだよこのボケーッ！！,警官,行動を咎められたり、行動理由を聞かれたときに
102,第2部,"わーッ わかんねーことを！！
き……君はくるってしまったんだー！",スモーキー,知り合いがとても信じられない行為（犯罪など）に走ったときに
103,第2部,"おめぇーらッ！
3分以内に［食い物］と［ガソリン］もってこい！いいなッ！",ジョセフ,人に使いっぱしりをさせるときに
104,第2部,"そうだな……
「［メキシコに吹く熱風！］」という意味の
「［サンタナ］」というのはどうかな！",シュトロハイム,何かの名付け親（ゴッドファーザー）になるときに
105,第2部,飲んどる場合かーッ,シュトロハイム,飲んでる時ではない事を教えるときに
106,第2部,ノックしてもしもお～し,ジョセフ,扉の向こうに人が居るか確かめるときに
107,第2部,"『［水鉄砲は穴が小さい方がイキオイよく飛ぶ］！』ということだ！
わかったか スカタン",シーザー,説明を理解したかどうか聞くときに
108,第2部,我が［ドイツ］の［医学薬学］は世界一ィィィ！,シュトロハイム,何かが世界一であることを誇るときに
109,第2部,"図星だろう？
ズバリ当たってしまったか…
なァーーーーッ！？",エシディシ,何か（クイズの答え、秘密など）を当てたら、相手が図星を突かれ青ざめたときに
110,第2部,おれがどくのは道にウンコがおちている時だけだぜ,ジョセフ,道をどくつもりがないときに
111,第2部,二重（ダブル）ショック！幽霊なんかに出会うよりももっと怪奇な遭遇…,ジョセフ,信じられない相手が同時に二人も目の前に現れたときに
112,第2部,は…発想のスケールで…ま……まけた,ジョセフ,段違いの発想を見せつけられたときに
113,第2部,この勝負… ついてるネ、のってるネ,ジョセフ,勝負事（対戦ゲームなど）が絶好調に進んでいるときに
114,第2部,よくばりィ～よくばり者めがァ～,吸血鬼,損を見たよくばり者を嘲笑する（煽る）ときに
115,第2部,"最終的に…
勝てばよかろうなのだァァァァッ!!",カーズ,手段を選ばず勝ちに行くときに
116,第2部,ウィンウィンウィンウィン,カーズ,女性の足を撫でる、もしくは頬ずりするときに
117,第3部,手まひまかけてこさえてありますなあ,ポルナレフ,手まひまかけたものを褒めるときに
118,第3部,うそだろ［承太郎］！,ポルナレフ,相手の言葉や行動が信じられないときに
119,第3部,シブイねェ…まったくおたくシブイぜ,偽テニール船長,相手がシブイ事を褒めるときに
120,第3部,このエテ公はそういっているッ！,ナレーション,喋れない相手の台詞を代弁する時に
121,第3部,"［ジョセフ・ジョースター！］
きさま！見ているなッ！",DIO,誰かに見られているときに
122,第3部,カモォ～～ン ［ポルポル］くぅ～～ん,ホル・ホース,相手をおちょくって呼ぶときに
123,第3部,忘れっぽいんでな、メモってたんだ…！,空条承太郎,"メモを取るときに
（借金やツケをメモるとベネ）"
124,第3部,つけの領収書だぜ,空条承太郎,貸し（恨み）を全て清算したときに
125,第3部,［富］や［名声］よりも［愛 ］だぜ！（力説）,ポルナレフ,自分にとって一番大切なものを伝えたいときに
126,第3部,まともに［スタンド］を出すタイプはひさしぶりだな……………,アヴドゥル,相手が何かを出してきたとき
127,第3部,やったッ！勝ったッ！仕止めたッ,アヌビス神,相手にトドメを刺したときに
128,第3部他,グッド！,ダービー兄他,相手が賭けに乗ったときに
129,第3部,"［ダービー］だ…二度と間違えるな！
わたしの名は［ダービー］というんだ！
［オービー］でも［バービー］でもない！",ダービー兄,相手に名前の訂正を要求するときに
130,第3部,"グッド
なかなかおもしろいゲームだ…",空条承太郎,初めてプレイしたゲームが（操作性、ストーリー等で）好感触だったときに
131,第3部,"な…なんだこいつ
［ブルース・リー］にでもなったつもりか",イギー,目の前の相手が誰かのモノマネを始めたときに
132,第3部,［鳥］公だァーーーーッ,イギー,今一番会いたくない相手が目の前に突然現れたときに
133,第3部,［花京院］、きさまこのゲームやり込んでいるなッ！,ダービー弟,誰かとゲームしているときに
134,第3部,答える必要はない,花京院典明,相手の答えるまでもない質問に答えるときに
135,第3部,"やれやれ こういう時はハゲますもんだぜ…
「［一回のオモテだ…］まだ始まったばかりだ　ガンバレ［承太郎］」ってな",空条承太郎,味方をなだめるときに
136,第3部,あ…ありのまま 今　起こった事を話すぜ！,ポルナレフ,自分が体験した、詳細の解らない現象を伝えるときに
137,第3部,確実！ そう、コーラを飲んだらゲップが出るっていうくらい確実じゃッ！,ジョセフ,風の強い日に外で立ちションしたらズボンにひっかかるくらい確実な事を示すときに
138,第3部,君の意見を聞こうッ！,花京院典明,誰かに意見を求めるときに
139,第3部,さあな、何の事だ？　わからないな…［DIO］,空条承太郎,相手の問いかけに「知らない」と答えるとき
140,第3部,なじむ　実に！なじむぞ,DIO,身に着けたものや新しく手に入れたものが、自分に相性がいいと感じたときに
141,第3部,ロードローラーだッ！,DIO,ロードローラーを見かけたときに
142,第4部,"おまえは［一枚のCDを聞き終わったら、 キチッとケースにしまってから次のCDをきく］だろう？
誰だって、そーする。俺もそーする",虹村形兆,自分の行動や考えに、同意を求めるときに
143,第4部,忘れっぽいならよォー…メモっておけよなぁー　几帳面によぉ～～,東方仗助,忘れっぽい人にメモを取るようアドバイスするときに
144,第4部,"おまえ「［パーマン］」知らねーのか？
「［パーマン］」知らねーやつがよおー　この日本にいたのかよォー",間田敏和（サーフィス人形）,相手が有名な漫画・アニメ作品を知らなかったときに
145,第4部,スタンド使い同士ってのは……どういう理由か…… 正体を知らなくても…知らず知らずのうちに引き合うんだ…,間田敏和,知り合った相手がジョジョファンだったときに
146,第4部,10円玉がねえよぉぉ～～っ！！,広瀬康一,10円玉がないときに
147,第4部,"［メニュー］？［献立表］のことですか？
そんなもの　ウチにはないよ…",トニオさん,置いていないもの（扱っていない品物）について尋ねられたときに
148,第4部,ンまぁーいっ！！味に目醒めたァーっ,虹村億泰,苦手な食べ物の味に目醒めたときに
149,第4部,こいつは［億泰］の勝利かぁ～～っ!!,東方仗助,仲間の勝利を確信したときに
150,第4部,"万雷の拍手をおくれ
世の中のボケども",音石明,世の中のボケどもに拍手を送ってもらいたくなったときに
151,第4部,無敵の［『スタープラチナ』］でなんとかしてくださいよォーーー！,東方仗助,何かに何とかしてほしいときに
152,第4部,理解不能！理解不能！,重ちー,相手が理解できない行動をとったときに
153,第4部,［12円］ンんあああ～～～～～んああああああ～～～ッ,東方仗助,所持金がとても少ない（［12円］しかない）ときに
154,第4部,オレはくれるっつーもんは、病気以外なら何でももらうかんなーコラァ！,虹村億泰,プレゼント・もらい物を受け取るときに
155,第4部,どうして［『30分』］だけなのよォオオオ～～～ッ！！,山岸由花子,何かを制限されたときに
156,第4部,これで今夜も………くつろいで熟睡できるな,吉良吉影,仕事や物事において、最後の仕上げが完了したときに。或いはそこから転じて、目の前の障害を排除したときに
157,第4部,日ごろの行いがよかったから、わたし,杜王町の住人,危機一髪で助かったときに
158,第4部,"［『スリー』］ト［『フリー』］ガカケテアリマスネ
ダカラ『ドーダコーダ』言ウワケデハナインデスガネ",エコーズACT3,ダジャレの解説をするときに
159,第4部,きさま程度のスカタンに、この［露伴］がなめられてたまるかァ―――ッ！！,岸辺露伴,相手にナメられまいと奮起するときに
160,第4部,いいや！「限界」だッ！［押す］ねッ！今だッ！,吉良吉影,ケツに火がついてるギリギリの状態から逆転しようとするときに
161,第4部,思い出させてあげる,"サブタイトル
（杉本鈴美？）",記憶を思い出させてやるときに
162,第4部,"「［事故死］」か…
やつの最期は「［事故死］」…",広瀬康一,追跡していた事件や長きに渡る戦いが、呆気ない決着を迎えたときに
163,第5部,"この［ジョルノ・ジョバァーナ］には
正しいと信じる夢がある",ジョルノ,自分の目標や夢を主張するときに
164,第5部,誰が『やった』のか！　調べてる……,ブチャラティ,事件の容疑者に質問するときに
165,第5部,"２度同じことを言わせないでくださいよ…
１度でいい事を２度言わなけりゃあいけないってのは…
そいつが頭が悪いって事だからです",ジョルノ,同じことを２度言う羽目になったときに
166,第5部,"この味は！
………［ウソをついてる］『味』だぜ……",ブチャラティ,何かを味見した、感想を述べるときに
167,第5部,"あなた…『覚悟して来てる人』……ですよね。
［人を「始末」］しようとするって事は、
逆に［「始末」される］かもしれないという危険を、常に『覚悟して来ている人』ってわけですよね…",ジョルノ,相手に覚悟のほどを確かめるときに
168,第5部,"こーゆー場合は、レストランが気をきかして、［3コにすべき］なんだ...！
この店、サービスがなってねえぜッ！",ミスタ,店のサービスが悪かったときに
169,第5部,"［ジョルノ］君だっけ？
立ってるのも何だからここ座んなよ
お茶でも飲んで…
話でもしようや………",アバッキオ,初対面の相手（組織やチームの新人など）をお茶に誘うときに
170,第5部,ええ！　希望とやる気がムンムンわいてくるじゃあねーかッ！　おいッ！,サーレー,ものすごくやる気が湧き上がってきたときに
171,第5部,［つっつく］［つっつかねー］は　お前らの間での問題だ…,アバッキオ,揉めている相手が自分にまで騒ぎを飛び火させてきたときに
172,第5部,"［ジョルノッ！］おまえの［命がけの］行動ッ！
ぼくは敬意を表するッ！",フーゴ,相手に敬意を表するときに
173,第5部,『ホッチキス』だあーーー！,ナランチャ,ホッチキスを使ったときに
174,第5部,覚悟はいいか？俺はできてる,ブチャラティ,相手に覚悟のほどを確かめるときに
175,第5部,おめーの［泳ぎ］が速いか、オレの［氷］が早いか　賭けてみるのも悪くねーーッ,ギアッチョ,誰かと何かを賭けるときに
176,第5部,おめーだよっ　おめぇ～　［髪の長い］オメーに言ってんだぜ　オレはよォーッ,ナランチャ,見ず知らずの誰かを呼び止めるときに
177,第5部,［5分］でやるのだ,ブチャラティ,物事を手短に済ませてほしいときに
178,第5部,いいか［セッコ］、最も気をつけなくちゃあいけないのは『電池（バッテリー）』切れだぜ……,チョコラータ,携帯電話や充電池のバッテリー残量を確認するときに
179,第5部,後で『録画』されてませんでしたってのが最もムカつく！ちゃんとビデオ回ってるか？,チョコラータ,ビデオカメラの撮影をしている人に、カメラの調子を確認するときに
180,第5部,"良ぉお～～～～し
よしよしよしよしよしよしよしよしよしよしよしよしよしよしよしよしよしよしよしよしよしよしよしよしよしよしよしよし
よしよしよしよしよしよしよしよしよしよしよしよしよしよしよしよしよしよしよしよしよしよしよしよし
たいしたやつだ　［セッコ］おまえは",チョコラータ,相手をほめるときに
181,第5部,よってくんじゃあねェーッ,チョコラータ,近寄って欲しくないときに
182,第5部,"燃えるゴミは［月・水・金］
（Rifiuti generici [Lun,Mer,Ven]）",ゴミ収集車,燃えるゴミを出す日を周知（明記）するときに
183,第5部,オレにできるのは、それまでただ待つだけだ…,ポルナレフ,一日千秋の思いで、何かをひたすら待ち続けるときに
184,第5部,もう喋るな　話が噛み合わねえ,ブチャラティ,話が食い違ってばかりのときに
185,第5部,何かわからんがくらえッ！,ディアボロ,未知の現象に戸惑いながらも、相手を攻撃するときに
186,第5部,オレのそばに近寄るなああーーーーッ,ディアボロ,近寄って欲しくないときに
187,第6部,オーーーっと［バス］が急ブレーキィィィィ,（トム・クルーズ似の）看守,乗り物内で相手に暴行を行うときに
188,第6部,"よお～～～～～～～し よしよしよしよしよしよしよしよしよしよしよしよしよしよしよしよしよしよしよし
とってもとってもとってもとってもとってもとっても きゃわィィイイねェェェェェェェェ
［ピーちゃん］！　よく出来たッ！",グェス,ペットを褒めるときに
189,第6部,祝福しろ,アナスイ,祝福して欲しいときに
190,第6部,"落ち着け…
素数を数えて落ち着くんだ…",プッチ神父,冷静になりたいときに
191,第6部,ファイトクラブだ！,ウエストウッド看守,何でもアリの大乱闘スマッシュブラザーズファイトクラブを開催するときに
192,第6部,"キレまくってはらしてやる
スカッとキレまくってはらしてやる！
はらしてやるはらしてやるスカッとスカッとはらしてやる",ウエストウッド看守,「ナニカ」を晴らそうとするときに
193,第6部,だよなあ！？,ケンゾー,確定したはずなのに起きないことを確認するとき
194,第6部,（［アナスイ］もいるけど）,エンポリオ,会話の合間に、誰かの名前を付け加えるときに
195,第6部,「どこへ行かれるのですか？（ドミネ・クオ・ヴァディス）」,プッチ神父,どこへ行くのか聞くときに
196,第6部,"君は『引力』を信じるか？
人と人の間には『引力』があるということを…",プッチ神父,知り合った相手がジョジョファンであったときに。或いはジョジョファン同士で集まったときに
197,第6部,…とか言ったりして…ハハ,アナスイ,無理難題や、断られそうな頼み事をするときに
198,第6部,今…なんて言った？　おまえ…,空条承太郎,耳を疑う発言を聞いたときに、或いは相手の言葉がよく聞こえなかったときに
199,第6部,"なんだ…こ……れは！？
……［立て……ない］………
なにかまずいぞッ！
もっと［「加速して」］逃れなくては…………!!",プッチ神父,得体の知れない事態に遭遇し、逃げるときに
200,第7部,YO！YO!って言えッ！YO!ってよオーッ,ポコ・ロコのスタンド,いろいろと絶好調な人や、途轍もなく幸運なラッキーボーイ（ガール）を見たときに
201,第7部,下痢したニワトリみてーに急いでるぞ…,ジャイロ,まるで何かから逃げてるみてーに急いでいるとき
202,第7部,おたくは他人のものを盗み見る教育を受けて育ったのか？,ジャイロ,見られたくないもの（新聞記事、日誌、エロ本、etc...）を盗み見られたときに、その相手の背後から向かって
203,第7部,"もらえるものは 病気以外ならなんでもイタダくぜ
…………［タイム・ボーナス］はとくにな～～～～～～～　ニョホ",ジャイロ,プレゼントやもらい物を受け取るときに
204,第7部,"クン！ うーむ　これは［コーヒー］だ
［コーヒー］の香りがする",Dio,（飲料やアロマなどの）香り・匂いを確認するときに
205,第7部,"ようこそ………
『［男の世界］』へ……………",リンゴォ,誰かを迎え入れるときに
206,第7部,受け身の『対応者』はここでは必要なし,リンゴォ,自分から全く行動を起こさない人に対して
207,第7部,"そこちょっと
失礼（し・トゥ・れい）ィィィィィ～～～",ジャイロ,道を通して欲しいときに
208,第7部,"ん～…
なかなかおもしろかった
かなり大爆笑！",ジョニィ,ギャグやダジャレなどをほめるときに
209,第7部,バンド組む？,ジョニィ,自分が作詞作曲した歌を自信満々で披露する人に向かって
210,第7部,当然！［鉄球］だッ！,ウェカピポの妹の夫,相手にどれにするか聞かれたときに。そして「それが流儀ィィッ！！」と返す
211,第7部,おい　［マジェント］！　謙虚に振る舞えッ！,ウェカピポ,調子に乗っている人に注意を促すときに
212,第7部,どジャアア～～ン！,ファニー・ヴァレンタイン大統領,物陰から突然現れたときに
213,第7部,冬のナマズみたいにおとなしくさせるんだッ！,医者,とにかくおとなしくさせたいときに
214,第7部,"うそだろ… ［クマちゃん］が…
オレの［クマちゃん］の… ［腕］が［もげ］た…",ジャイロ・ツェペリ,自分の大事にしているものが壊れたときに
215,第7部,俺だけが理解する……,Dio,理解不能の現象や難問に直面して、自分だけが解る（解った）ときに
216,第7部,「ありがとう」…それしか言う言葉がみつからない…,ジョニィ・ジョースター,二度と会えない相手に、感謝の意を伝えるときに
217,第8部,"なんだこれはぁぁーーーッ
ンマイなあああッ！！
なんだこれッ！？
ンマイなぁぁぁーーーーッ",東方定助,ンマイものを口にしたときに
218,第8部,のどが……のどがすごく渇く…「何か」を奪われたみたい…水が…すごく水が飲みたい,女性警官,とにかく水が飲みたい時に
219,第8部,"ねぇ［康穂ォ］～～ あっち…
向こうをね…ちょっと見てもらっていい？",東方定助,相手に向こうを向かせたいときに
220,第8部,［クマちゃん］と［戦闘ロボ］、どっちが好きかね？,東方憲助,相手の趣味や嗜好を尋ねるとき、或いは心理テストをするときに
221,第8部,"ありがと　よくここへ訪ねて来てくれたわねェ…
［康穂］さんておっしゃるのね…
また　来てね",吉良・ホリー・ジョースター,来客を送るときに
222,第8部,"名前は［八木山夜露］ ［28］さい
仕事は［建築家］で　住んでいる所は...　ひ・み・つ
狙う所はいろいろあるが......一番欲しいのは［社会的名声］かな",八木山夜露,自己紹介や欲しいものを語るときに
223,第8部,"名言♡！だものォォーーッ
（※「名言だものォ～」でもＯＫ）",東方常敏,"聞き手：相手が名言を引用したとき
話し手：名言の引用に相手が気付いてくれたときに"
224,ゴールデンハート/ゴールデンリング,［アバッキオ］さー、『［スーパーマリオ］』って［TVゲーム］、知ってる？,ナランチャ,相手が何か（ゲームのタイトルなど）を知っているかどうか尋ねるときに
225,デッドマンズQ,今夜はどこで休もうか…,吉良吉影,1日の終わりに休息をとるときに
226,岸辺露伴は動かない,てめーーは「［試す］」か「［試さねー］」かだけ答えんだよーーーーーッ！！,娘（浮浪者の霊）,答えが2つの質問をぶつけるときに
227,岸辺露伴グッチへ行く,そーゆーマニアックなネーミング突然言って精神的に圧倒してくるのはやめてよねェ～～～,岸辺露伴,会話相手が専門用語ばかり使ってきたときに
228,バオー来訪者,こいつらのにおいを消してやるッ！,バオー（橋沢育郎）,悪臭立ち込める場所（トイレなど）へ来た時や、体臭や口臭のキツい人に会ったときに
229,バオー来訪者,おれの名は［ケイン］！ ［ブラッディ］！,ケイン、ブラッディ,2人組で自己紹介するときに
230,バオー来訪者,ようこそ来訪者。,ウォーケン,来訪した人を出迎えるときに
231,バオー来訪者,殺らいでかッ『［バオー］』ッ！,ウォーケン,戦闘時、相手に向かって
232,第1部,汝！わたしの［生命］となるか！,族長,側近や右腕となる人物を選ぶときに
233,第1部,初めての相手は［ジョジョ］ではないッ！このディオだッ！―――――ッ,ディオ,誰かの彼女を奪ってやったときに
234,第1部,その［指輪］は彼にあげたものだ,ジョースター卿,自分の物を盗んだ泥棒をかばうときに
235,第1部,よォしやったな［ジョジョ］！ それが基本！利用法はまだまだあるぞッ！！,ツェペリさん,教え子が物事の基本をマスターした時
236,第1部,フン！ おれにとっては誉め言葉よ,ディオ,自分にとって誉め言葉になるような悪口を言われたときに
237,第1部,ふるえるぞハート！燃えつきるほどヒート！！,ジョナサン,モチベーションが昂ぶってきたときに、或いは必殺技を放つ際の決め台詞に
238,第1部,［軟骨］がうめーんだよ［軟骨］がァ～～ッ！！,ゾンビ,居酒屋や焼肉屋等で軟骨の唐揚や煮込みなどを見たときに
239,第1部,意外！それは［髪の毛］ッ！,ナレーション,予想とは違う出来事が起こったときに
240,第1部,これが運命なら、あるがまま受け入れよう,ツェペリさん,自分の運命を受け入れるときに
241,第1部,かかったなアホが！,ダイアーさん,仕掛けた罠に相手がまんまとハマってくれたときに
242,第1部,この［ストレイツォ］容赦せん！,ストレイツォ,容赦しない事を知らしめるときに
243,第1部,猿が人間に追いつけるかーッ！お前はこの［ディオ］にとってのモンキーなんだよ［ジョジョォォォ］ーーーッ！！,ディオ,相手に「あなたは猿だ」と諭すときに
244,第1部,ちくしょー まったく［おもてー］ぜ　いったい何がはいってんのかな,ディオの棺桶を運搬する男,"何が入っているのか気になるもの（箱、容器、ロッカー等）を見たときに。
或いは、それらを担いだり運びながら"
245,第1部,神よ　あんたはこのおれをくせー所へやるのがお好きなようだ…,スティクス神父,左遷・転勤になったときに
246,第2部,"我われはこの［老人］を知っている！
いや！この［まなざし］とこの［顔のキズ］を知っている！",ナレーション,知っている人を見かけたときに
247,第2部,そのサイフはわたしがかれにあげたものですよおまわりさん,ジョセフ,自分の物を盗んだ泥棒をかばうときに
248,第2部,"図にのるんじゃあないッ！
この［アメ公］がッ！",ジョセフ,右の頬にハナクソをつけられたときに
249,第2部,おまえの次のセリフは『［何でメリケンの事分かったんだこの野郎！］』という！,ジョセフ,相手が次に言うであろう台詞を先読みして当てるときに
250,第2部,解体してやる！［ストレイツォ］！,アナスイジョセフ,何かを解体したいときに
251,第2部,あたしは［テキーラ酒］をもってまいりましたの～～ 通ってもよろしいかしら～～,ジョセフ,検問などを通り抜けようとするときに
252,第2部,"マヌケッ！一目でわかるわーっ気持ち悪いーっ
お前みたいに［でかくて筋肉質の女］がいるかスカタン！客観的に自分を見れねーのかバーカ",ナチス兵,バレバレの変装をしている相手に突っ込むときに
253,第2部,タコス,ナチス兵,回し蹴りをくらったときに
254,第2部,タフな男よ！　ちっぽけな根性が実にタフだ！,ワムウ,脳ミソがクソになっているんじゃないかってほどタフな奴を見たときに
255,第2部,"オー！ノーッ
おれの嫌いな言葉は、一番が「努力」で、2番目が「ガンバル」なんだぜーッ",ジョセフ,努力から逃げ出したいときに
256,第2部,ええ！？なにこれ？このハンドルおかしいぜ…,暴走運転している男,乗り物を運転中、握っているハンドルがおかしいと思ったときに
257,第2部,またまたやらせていただきましたァン！,ジョセフ,同じ相手を連続で罠に嵌めたときに。或いは、重大な発表をするときなどに
258,第2部,"う…うろたえるんじゃあないッ！
［ドイツ軍人］はうろたえないッ！",シュトロハイム,切迫した状況のときに
259,第2部,［岩］が溶けてるんだぜ！［溶岩］の温度は［1000］度！カスまで溶けてなくなっちまわーッ,ジョセフ,何かを溶かすときに。（例えばカレーやシチューのルーを鍋の中に投下しながら）
260,第3部,おじいちゃんぜんぜんチャウよ,コマ隅の書き文字,おじいちゃんが間違えちゃったときに
261,第3部,"ああ、うそだぜ！
だが…マヌケは見つかったようだな",空条承太郎,カマをかけてマヌケを見つけたとき
262,第3部,こいつはメチャゆるさんよなああああ,ラバーソール,相手の汚らわしい行為が許せないときに
263,第3部,これがおれの本体のハンサム顔だ,ラバーソール,素顔を明かすときに
264,第3部,［JOJO］ その［チェリー］食べないのか？ ガッつくようだが、ぼくの好物なんだ.........くれないか？,花京院典明,好物を誰かからもらうときに
265,第3部,［鏡に「中の世界」］なんてありませんよ…ファンタジーやメルヘンじゃあないんですから,花京院典明,あり得ない物事を否定するときに
266,第3部,てめーは、この［空条承太郎］がじきじきにブチのめす,空条承太郎,一杯喰わされた相手にリベンジを宣言するときに
267,第3部,"やかましいッ！
うっおとしいぜッ！！おまえらッ！",空条承太郎,回りがとってもうっとおしいときに
268,第3部,勝ったッ！第3部完！,ズィーズィー,勝利を確信したときに
269,第3部,一度あんたの素顔を見てみたいもんだな　おれの好みのタイプかもしれねーしよ　恋におちる　か・も,空条承太郎,顔を見たことが無い（ネットやチャットでしか交流がない）異性に、「今度リアルで会おうよ」と呼びかけるときに
270,第3部,さあ　お仕置きの時間だよ　ベイビー,花京院典明,ききわけのない子供を教育するときに
271,第3部,"わああーーー［ポルナレフ］！
おれを放っとかないでくれーっ",ホル・ホース,放っておかれたくないときに
272,第3部,（当然おれ様程じゃないがねという確固たる自信の気持ちはあるがね）,ポルナレフ,自分と同じ能力やスタイルを持つ相手と出会ったときに。　及び、その体験を誰かに話すときに心の中で付け加える
273,第3部,やれやれ…［犬好きの子供］は見殺しには……できねーぜ！,イギー,見ず知らずの誰かに加勢するときに
274,第3部,バレなきゃあイカサマじゃあねえんだぜ…………,空条承太郎,イカサマやチートをカミングアウトするときに
275,第3部,蹴り殺してやるッ！　このド畜生がァーーーーーーーッ,ヴァニラ・アイス,プッツンきてこれから相手を蹴り殺してやる時
276,第3部,腹の底から「ザマミロ＆スカッとサワヤカ」の笑いが出てしょうがねーぜッ！,ヌケサク,中の悪い相手が倒されたり、痛い目を見たときに
277,第3部,早く持って来いッ！ スチュワーデスがファースト・クラスの客に 酒とキャビアをサービスするようにな・・・,DIO,何かを急かすときに
278,第3部,"頭痛がする　は…吐き気もだ…くっ…ぐう
な…なんてことだ…この［DIO］が……気分が悪いだと？",DIO,飲み過ぎたりして気分が著しく優れないときに
279,第3部,敗者をムチ打つようでちと心が痛むが………………いや…ぜんぜん痛まねーか,空条承太郎,必要以上のことをやっても心が痛まないときに
280,第3部,最高に「ハイ！」ってやつだアアアアアアハハハハハハハハハハーッ,DIO,絶好調のハレバレとしたスガスガしい気分になったときに
281,第3部,おれが思う　たしかなことは［DIO］！ てめーのつらを　次みた瞬間　オレはたぶん… プッツンするだろうということだけだぜ,空条承太郎,怒りが我慢の限界に達しているときに
282,第3部？,"［スタンド］？
フームしょうしょうおまちください",ポルナレフ,本屋で働いていて、客から置いてある本の場所について質問を受けたときに
283,第4部,このヘアースタイルが［サザエさん］みてェーだとォ？,東方仗助,髪型が誰かに似てると言われたときに
284,第4部,"なるほど、完璧な作戦っスねーーっ
［不可能だ］という点に目をつぶればよぉ～～",東方仗助,計画や作戦を自信満々に披露する相手に対して、褒め称えながらも欠点を指摘するときに
285,第4部,"何者かわからないヤツからイキナリ理由もなく［出て行け］と言われてもな…
あんたがおれだったらすなおに［出て行く］かい？",空条承太郎,電話や掲示板などで、知らない相手から一方的な要求（謝罪など）を突きつけられたときに
286,第4部,［玉美のタマ］は［キモッ玉のタマ］だッ！名前に負けねーよーに根性みせてやるぜッ！,小林玉美,名前負けしないよう奮闘するときに
287,第4部,"たとえるなら、
サイモンとガーファンクルのデュエット！ ウッチャンに対するナンチャン！
高森朝雄の原作に対する、ちばてつやの「あしたのジョー」！
……つうーーーっ、感じっスよお～～っ",虹村億泰,ベストな組み合わせに出会ったときに
288,第4部,この［岸辺露伴］が、金やちやほやされるために、［マンガを描いてる］と思っていたのかァーーーーッ！！,岸辺露伴,金や名声のために仕事をしていると思われたくないときに
289,第4部,さっきからオレ間抜けなキャラクターのイメージになってない？,東方仗助,不運が重なったり、ひどい目にばかり遭い続けているときに
290,第4部,ヤツに「［したたかさプラス冷静な態度］」を感じるぜ,空条承太郎,ゲームなどで相手を誉めるときや、睨み合いが始まったときなどに
291,第4部,"「なんだっておい…ふざけてんじゃねーゾコラ」
「ぎゃあああああああああああああああーーーーーー！！」
「わはははははははははははははははははは」",東方仗助、虹村億泰,宝くじが当たるなど、夢のような黄金体験に直面したときに
292,第4部,"やったァーーッ
メルヘンだッ！ファンタジーだッ！",虹村億泰,夢のような黄金体験をしているときに
293,第4部,［高校1年］のぶんざいでこんなにもってるのは　ちょいとゆるせんが,漫画の中のコメント（呟き）,トンデモなく羽振りのいい人（学生、未成年）を見たときに
294,第4部,やだよ！あそこの［定食］［肉の厚み］が［一ミリ］しかねーし［ミソ汁］に得体の知れねーモン入ってんだもん,虹村億泰,食事に誘われた際、出先を別のところにしてもらいたいときに
295,第4部,だよなァ～～ッ　［食い］あきたしなァ～～ッ,東方仗助,何かに飽きたときに
296,第4部,観察しろとというのは......見るんじゃあなくて観ることだ...聞くんじゃあなく聴くことだ,空条承太郎,状況を冷静に観察するときに
297,第4部,"お……
おまえなんかぜんぜん怖くなかったぜ
バ～～～カッ",東方仗助,キメのセリフをバシッと言うときに
298,第4部,突然ですがこれは「気合いの雄叫び」です！　［振らして］いただきます！,東方仗助,思わず出てしまった声や失言などをごまをかすときに
299,第4部,"スゲーッ爽やかな気分だぜ
新しいパンツをはいたばかりの
正月元旦の朝のよーによォ～ッ",東方仗助,とても爽やかな気分のときに
300,第4部,『運命』に勝った！,川尻早人,運命に勝った事を実感したときに
301,第4部,「［爆発］」と「［空気］」ッ！この世にこれほど相性のいいものが　あるだろうかッ！？,川尻早人,ベストな組合わせに出会ったときに
302,第4部,これは……　「夢」だ このわたしが追い詰められてしまうなんて…… きっと…… これは「夢」なんだ……,吉良吉影,絶望的なまでに追い詰められてしまったときに
303,第5部,うわさ？　宇宙のハテを知らねーようにそんなうわさ知らねー,ズッケェロ,振られたウワサ話の内容に興味が沸かないときに
304,第5部,こいつに［スパゲティ］を食わしてやりたいんですが、かまいませんね！！,フーゴ,見ず知らずの相手に食べ物をおごってやるときに
305,第5部,"［「ブッ殺す」］と心の中で思ったならッ！
その時スデに行動は終わっているんだッ！",プロシュート兄貴,「○○する」と言葉にするまでもなく思ったときに
306,第5部,『［ブッ殺した］』なら、使ってもいいッ！,プロシュート兄貴,言葉よりも行動で示すという事をマンモーニに教えるときに
307,第5部,"［『任務は遂行する』］［『部下も守る』］
「両方」やらなくっちゃあならないってのが［「幹部」］のつらいところだな",ブチャラティ,何かを両立させなければならないときに
308,第5部,"分かったよ［プロシュート兄ィ］！！
［兄貴］の覚悟が！“言葉”でなく“心”で理解できた！",ペッシ,誰かの覚悟の心を目の当たりにして、心機一転するときに
309,第5部,"［ブッ殺してやる］ってセリフは…終わってから言うもんだぜ
オレたち「［ギャング］の世界」ではな",ブチャラティ,終わってから言うべき台詞を指摘するときに
310,第5部,"［ミスタ］…あなたの「覚悟」は…この登りゆく朝日よりも明るい輝きで『道』を照らしている
そして我々がこれから『向かうべき…正しい道』をもッ！",ジョルノ,仲間が困難な状況を打開してくれたときに
311,第5部,きさまにオレの心は永遠にわかるまいッ！,ブチャラティ,価値観や思考の合わない相手と対峙するときに
312,第5部,"誰だろうと、わたしの永遠の絶頂をおびやかす者は許さない。 決して。
確実に消え去ってもらう",ディアボロ,"自らの立場を脅かす者を始末するときに。
或いはパーティゲームや集団での遊びで、トップの座を死守するときに"
313,第5部,そう…　一味違うのね,トリッシュ,一味違う部分を見せられたときに
314,第5部,やはり生まれ故郷はいい… ついてる,ディアボロ,里帰り先で幸運に出会ったときに
315,第5部,"そうだな…　わたしは「結果」だけを求めてはいない。 「結果」だけを求めていると、人は近道をしたがるものだ……
近道をした時、真実を見失うかもしれない。やる気もしだいに失せていく。",アバッキオの同僚警官,結果を急いでいる人を諭すときに
316,第5部,［3個］か！？　［甘いの3個］ほしいのか！？　 ［3個］…イヤしんぼめ！！,チョコラータ,何かをねだってくる人に、施しをするときに
317,第5部,この2人組、相性が良すぎる！　今まで出会ったどのチームよりも！,ブチャラティ,相性がベストなコンビに出会ったときに
318,第5部,"知ってんだよオオォォッ！
国語の教師かうう…うう…うおお　おっ　おっ　オメーはよォォォォ",セッコ,言葉が思い出せそうなあと1歩のところで、誰かにそれを先取りされてしまったときに
319,第5部,"自分を知れ…そんなオイシイ話が
……あると思うのか？
おまえの様な人間に",ジョルノ,先に出した相手への提案を、カッコよく撤回するときに
320,第5部,"ところで「［コロッセオ］」ってさあ、「［殺っせよォォ］」、って聞こえない？
なあ～？　国語の先生よォォォォォ。",セッコ,発音が似ている2つの言葉を、相手に比較してもらうときに
321,第5部,"過去は…
バラバラにしてやっても石の下から…
ミミズのようにはい出て来る…",ディアボロ,自分の過去の過ち（失敗）が、自分を追い詰めようとしているときに
322,第5部,蟻ガタカレ！蝿ガタカレ　チクショォォーッ,セックスピストルズ,腐った食べ物や腐乱死体を見たときに
323,第5部,"『帝王』はこの［ディアボロ］だッ！
依然変わりなくッ！",ディアボロ,自分に敵対する者を倒した時。トランプ、パーティゲームなど集団での遊戯で、トップの座を続けて守り通したときに
324,第5部,"終わりがないのが『終わり』
それが［『ゴールド・E（エクスペリエンス）・レクイエム』］",ジョルノ,終わりの見えない作業をしているときに
325,第5部,去ってしまった者たちから受け継いだものは、さらに『先』に進めなくてはならない！！,ジョルノ,仕事やしきたり、大事なもの等を新たに引き継いだときに
326,第6部,うおっ　人類の夜明けだわこりゃ,徐倫,信じられない光景を目の当たりにしたとき
327,第6部,"［あのエンポリオとかいう小僧を］
15秒以内に仕留めるッ！",ジョンガリ・A,"殺害対象を当初とは別に定めたとき。
或いはそこから転じてゲームや勝負事などで、最初に倒すべきターゲットを定めたときに"
328,第6部,"悪いがオレは君たちを知らない…
向こうへ行け…蹴り殺すぞ",ウェザー・リポート,見知らぬ相手が話しかけてきたときに
329,第6部,［プランクトン］ごときがわたしに向かって得意顔に［解説をいれるん］じゃあないッ,ホワイトスネイク（プッチ神父）,相手にドヤ顔で何かされた際、その行動を否定するときに
330,第6部,ヤバイ「DISC」がIN！！,アオリ文,アブナイDISCが入ったときに
331,第6部,おまえは……自分が『悪』だと気づいていない… もっともドス黒い『悪』だ…,ウェザー・リポート,自分を善人だと思い込んでいる悪人に出会ったとき
332,第6部,ザ・ニュー［神父］!!!,アオリ文,生まれ変わったことを知らしめるときに
333,第7部,ぼくはまだマイナスなんだ！　ゼロに向かって歩きたい！,ジョニィ,自分のマイナス面を乗り越えようとするときに
334,第7部,死因のトップは何か知ってるか？ ［蚊が媒体する伝染病］が1位で、［馬に蹴られて死ぬやつ］がその次だ。 おまえさんが、その順位を入れかえるつもりか？,ジャイロ,命知らずの無謀な奴に注意を促すときに
335,第7部,"おまえ何やってるんだ
［ジャイロ・ツェペリ］ーーッ
［スピード］はともかく理由（わけ）を言えーーーッ",ジョニィ,ともかく説明して欲しいときに
336,第7部,オレは『納得』したいだけだ！『納得』は全てを優先するぜッ！,ジャイロ,自分の要求や行動を押し通したいときに
337,第7部,砂漠の砂粒…ひとつほども後悔はしていない…,サンドマン,後悔していない事を示すときに
338,第7部,興奮してきた…服を脱げ,ファニー・ヴァレンタイン大統領,相手に欲情したときに
339,第7部,"自分が思っているよりも
お互いの距離は実際はずっと近いみたいだぜ",ジャイロ,"言葉のそのままの意味で。
ガールフレンドに言ってやるのが最適"
340,第7部,きっと…　もう一度、ここへもう一度戻って来る…,ジョニィ,去っていった誰かを待つときに
341,第7部,我が心と行動に一点の曇りなし…………！ 全てが『正義』だ,ファニー・ヴァレンタイン大統領,自身の釈明をするときに
342,第7部,うおおおおっ　遠くへ離れなければッ！！　遠くへッ！,Dio,一目散に遠くへ逃げるときに
343,第8部,"自分のことだ…
直接自分で行って自分の目と耳で知りたい",東方定助,自分が何者なのかを知りたいときに
344,第8部,こ… これはぁ～ なんだとおおオォォ～ッ わたしの［末娘］は まだ［16］だぞオォォ…,東方憲助,愛する我が娘のキスシーンを目撃してしまったときに
345,第8部,"あ…もう一度 たっぷり言わせていただきます
［勝ったのは…… オレです！］　たっぷり！",東方定助,一度言った台詞をもう一度『たっぷり』言うときに
346,第8部,グロ注意ッ！グロ注意ッ！［頭がちぎれる］ぞォ！,東方常秀,グロテスクな光景が予見されるときに
347,岸辺露伴 ルーヴルへ行く,"［露伴先生］ってよォー　いつもどーも誰かに似てると思ってたら　わかった！ ［「モナ・リザ」］だよ！［先生］…
あの［ダ・ヴィンチ］の［モナ・リザ］に顔が似てるよなぁ ［先生］",虹村億泰,自分の知っている人が、絵画や漫画などの人物に似ていたときに
348,The book,"あげたてで、穴があいてるやつだ。
砂糖がまぶしてある、例のやつ",蓮見琢馬,ドーナツを見たときに
349,デッドマンズQ,スゴイ…　この［くま手］も、［ゲタ］も［電気スタンド］も全て『［幽霊］』でできているのか！,吉良吉影,珍しい物（材質）でできているものを見つけたときに
350,岸辺露伴は動かない,約束どおり！戻ってきたぜーーーッ　おめェーーーーを迎えになッ！,娘（浮浪者の霊）,お迎えにあがったときに
351,岸辺露伴は動かない,再トライなさいますか？それとも本日はお帰りになりますか？,一究,再挑戦するかどうか訊ねるときに
352,バオー来訪者,［少年］を探せッ！そして抹殺（エリミネート）しろッ！,霞の目博士,エリミネートしたい相手を探すときに。またはゲームをプレイ時に、特定の敵（アイテムを落とす敵など）を探すときに
353,バオー来訪者,お前の［漬け物］はこの世で一番うまいぞ,六郎じいさん,作ってくれた料理をほめるときに
354,変人偏屈列伝,"なあ、オレたちゃ［ドロボー］なのか？
それとも［強盗］なのかよ？",ペッシ泥棒（弟分）,誰かと一緒に未知の家屋（建物）へ不法侵入を試みるときに
355,第1部,こいつはくせえッー！ゲロ以下のにおいがプンプンするぜッーーーーッ！！,スピードワゴン,悪党を見つけたときに、或いは凄いにおいが辺りに立ち込めているときに
356,第1部,おれは［人間を超越する］ッ！ ［ジョジョ］、［おまえの血］でだァ──ッ！,ディオ,他人のもので何かを成し遂げるときに
357,第1部,"この夜遅くまで遊んでる
堕落した女がァーッ！！",切り裂きジャック,夜遅くまで遊んでる女をののしるときに
358,第1部,き…切れた ぼくの体の中で　なにかが切れた…　決定的ななにかが……！,ジョナサン,自分の中で何かが切れる音がしたときに
359,第2部,シタ入れてキスするぞッ！,ジョセフ,女性が騒いで周囲が響くときに
360,第2部,あーん！［スト］様が死んだ！,読者ハガキ,よいしょ本＆ファンクラブをつくろーって思っていたらそのキャラが死んでしまったときに
361,第2部,"［きさまの顔］が気にくわん！
今から痛メツケテヤル！",リサリサ,気に食わない相手をボコボコにするときに
362,第2部,"HEEEEYYYY
あァァァんまりだァァアァ
AHYYY　AHYYY　AHY
WHOOOOOOOHHHHHHHH!!
おおおおおおれェェェェェのォォォォォ
［うでェェェェェ］がァァァァァ～～～～！！",エシディシ,激昂してトチ狂いそうになる前に泣きわめいて頭を冷静にするときに
363,第2部,おれはお前に出逢う為に［1万数千年］もさまよってたのかもしれぬ,ワムウ,運命の相手を見つけたときに
364,第3部,当て身,花京院典明,当て身をくらわせるときに
365,第3部,"ひきちぎるとくるい　もだえるのだ
喜びでな！",花京院典明,引き千切るのが楽しい事を伝えるときに
366,第3部,バ…バカな…　か…簡単すぎる…あっけなさすぎる…,花京院典明,仲間や知人が呆気なく死亡してしまったときに。またはそこから転じて、物事が呆気なく幕切れしたときに
367,第3部,2度とテメーとは一緒に乗らねえ,空条承太郎,誰かと乗っていた乗り物が、事故に遭ったときに
368,第3部,てめー　頭脳がまぬけか？,ポルナレフ,相手を貶すときに
369,第3部,もしかしてオラオラですかーッ！？,テレンス・T・ダービー,オラオラされそうなときに
370,第3部,やったッ！命中だッ！しゃぶれッ！おれの［剣］をしゃぶれッ！このドグサレがッ！,ポルナレフ,相手の口に何かを突っ込んでやったときに
371,第3部,ケツの穴にツララを突っ込まれた気分だ…,ジョセフ・ジョースター,恐怖しているときに
372,第3部,［臭い］でわかるように［ガソリン］をブっかけた…………,空条承太郎,逃げる相手に対して、何か（液体）をぶちまけたときに
373,第4部,"なんで、てめー［犬のクソ］をかたづけねえーんだっ！それに今、［タバコの吸いがら］を投げすてたな。
いい気になってんなてめーっ。
この町は自分ひとりの町だと、いい気になってたなッ！",アンジェロ,ゴミやタバコのポイ捨てを指摘するときに
374,第4部,"今…　使った電気料金は全部、てめーん家の電気メーターにツケといてやるよ
ギヒヒヒヒ　［100万円］くれーかな",音石明,電気を際限無く使いまくったときに
375,第4部,だめだコイツ　死なねえ限りどんなヒドイ目にあわしても［マンガのネタに］しちまうぞ こりゃ！,虹村億泰,とにかく呆れ返ったときに
376,第4部,もうここまでくると誉めるしかないね,広瀬康一,善悪の区別を超えて、憧れすら沸いてきたときに
377,第4部,人を［怨霊］みたいに言わないでェ！,杉本鈴美,誰かから［怨霊］扱いされたときに
378,第4部,うるさいわね！かってに赤 になった信号が悪いのよ,山岸由花子,赤信号を渡る時
379,第4部,…［ミステリー・サークル］か！,東方仗助,街中などで普段見かけないような、驚くべき何かを発見したときに
380,第4部,"よくぞ聞いてくれました…
実はわたし、「宇宙人」なんです",支倉未起隆,宇宙人である事を告白するときに
381,第4部,"質問を質問で返すなあーっ！！
疑問文には疑問文で答えろと学校で教えているのか？",吉良吉影,質問を質問で返されたときに
382,第4部,てめーや、『［吉良吉影］』をこの町で生かしておくのは、カッコ悪い事だぜェーッ。,噴上裕也,悪人に立ち向かうときに
383,第4部,"うらやましいな…
ヒマそうで…………",吉良吉影,とても暇そうな人を見かけたときに
384,第4部,おっと…私の「本名」を言っちゃったかなァ～！,吉良吉影,ついうっかり本名を名乗ったときに
385,第4部,てめー今確かに「［吉良吉影］」っつったよなぁー！！,東方仗助,意外な場所で、意外な発言を偶然耳にしたときに
386,第4部,"君が選択するまで待つよ…
『［触って親友を治すのか］』…
『［わたしに向かってくるのか］』…
君が決めろ！",吉良吉影,相手が何か重大な選択肢を前に迷って（悩んで）いるときに
387,第4部,"激しい「喜び」はいらない…
そのかわり深い「絶望」もない……
「植物の心」のような人生を…
そんな「平穏な生活」こそ私の目標だったのに………",吉良吉影,平穏な生活が脅かされそうなときに
388,第4部,やかましい！ 生きてんならよォ～　さっさと目を醒ませ～　 コラァ～ッ！,東方仗助,眠っていた人が目を覚ましたときに。或いは、死んだと思っていた相手が奇跡的に蘇生したときに
389,第5部,この…　ド低能（クサレ脳ミソ）がァーーッ,フーゴ,相手が簡単な計算も出来ない事をののしるときに
390,第5部,"それにたいしたこたァねーだろォーッ
毎年世界中のどっかで旅客機が墜落している… それよりは軽く済むッ！",プロシュート兄貴,大勢を巻き込んで、何かを実行するときに
391,第5部,"…さっき、おまえの目の中に、 ダイヤモンドのように固い決意をもつ「気高さ」を見た…　だが…堕ちたな……
ただのゲス野郎の心に……！！",ブチャラティ,紳士的に振舞っていた相手が、化けの皮が剥がれたり卑劣な手段に出たときに
392,第5部,だが［『葉掘り』］って部分はどういう事だああ～～っ！？ ［葉っぱ］が［掘れる］かっつーのよーーーッ！ナメやがってこの言葉ァ超イラつくぜぇ～～ッ！！,ギアッチョ,慣用句の不条理な部分にぶち切れるとき
393,第5部,"イタリア語で呼べ！イタリア語で！
チクショオームカつくんだよ！
コケにしやがって！ボケがッ！",ギアッチョ,ヴェネツィアをベニスと呼ぶ人に向かって訂正して欲しいときに
394,第5部,あれッ！急に目にゴミが入った！見えないぞッ　［2人なのか］よくわからないぞッ！！ 見ていない　オレは見てないぞ　なあーんにも　見てないッ！,ナランチャ,思いもよらない場面やシチュエーション（主にラブシーンなど）に遭遇してしまったときに
395,第5部,"オレは『正しい』と思ったからやったんだ。
後悔はない…こんな世界とはいえ、オレは自分の『信じられる道』を歩いていたい！」",ブチャラティ,自分の信念を貫くために何かを犠牲にした（裏切った）ときに
396,第5部,この世はアホだらけなのかァ～～～～ッ！！,ディアボロ,周りがみんなアホしかいないときに
397,第5部,信じられねぇぜ…こういうのを奇跡っていうんだな、めったにある事じゃねぇ… こんな［海岸の岩かげ］に、偶然［公衆電話］があるなんて…,ドッピオ,3日間砂漠をうろついて、初めて飲む水っつーかよぉーっ、地獄で仏を地で行く展開に遭遇したときに
398,第5部,［アバッキオ］、おまえはりっぱにやったのだ。そしておまえの［真実に「向かおうとする意志」］は、あとの者たちが感じ取ってくれているさ,アバッキオの同僚警官,努力や苦労を労うときに
399,第5部,［ブチャラティ］はすでに「死体」なのだ！！,ディアボロ,その人物が既に死んでいることを教えるときに
400,第5部,"さびしいよォォォォ…………［ボス］。
いつものように、電話ください………… 待ってます…… 電　話",ドッピオ,電話してほしいときに
401,第6部,"つまり…だから…その…マ…マで始まる言葉で……
マ…マス…… その、つまり、マスタ～～…………ベ～～～ション ………をよ……",空条徐倫,オナニーを告白するときに
402,第6部,"うるせェェェェェーー
弁護士を呼べェェェーーッ",空条徐倫,弁護士を呼んでほしいときに
403,第6部,よつんばいになりますか？ 仰向けになりますか？ それともブリッジするとか…,空条徐倫,体位をどうするか尋ねるときに
404,第6部,"もうあげちゃうわッ…
あたしのパンティー！
今、ここで直にぬいぢゃうヤツぅッ！",エルメェス,着用中の下着（ショーツ）を相手にあげるときに
405,第6部,「小便」がしたいのか？,ウェザー・リポート,相手が尿意を催しているときに
406,第6部,「復讐」とは、自分の運命への決着をつけるためにあるッ！,エルメェス,これから仇討ち・仕返しをする時に
407,第6部,"教祖復活じゃあああああああああああああああ
これでわしは釈迦と並ぶ聖人として歴史に残るぞォォオオオオオオオオオ",ケンゾー,自分が偉大なことを成し遂げたと思ったとき
408,第6部,"もっとおおおああおおあ
わたしを叱ってえええええ",ヨーヨーマッ,もっと叱って欲しいときに
409,第6部,お…　オシッコが……… 血だらけだよォオオオオオ　血尿がァあ～～～～,エンポリオ,血尿が出てきたときに
410,第6部,"おまえごときうすっぺらな
藁の家が深遠なる目的の
［わたしとDIO］の砦に踏み込んで
来るんじゃあないッ！",プッチ神父,目的を邪魔する人に激昂するときに
411,第6部,"［ウェザー］。
もう一度…もう一度話がしたい。
あなたと、そよ風の中で話がしたい",空条徐倫,逝ってしまった人を思い返すときに
412,第7部,"「生きる」とか「死ぬ」とか誰が「正義」で誰が「悪」だなんてどうでもいいッ！！
ぼくはまだ「マイナス」なんだッ！「ゼロ」へ向かって行きたいッ！
自分の「マイナス」を「ゼロ」へ戻したいだけだッ！",ジョニィ,自分の行動が周囲に理解されないときに
413,第7部,"おっと　会話が成り立たないアホが一人登場～～
質問文に対し質問文で答えるとテスト0点なの知ってたか？マヌケ",マウンテン・ティム,質問に質問で返されたときに
414,第7部,無礼という行為に相当するんだぜ… 人様の頭の上に立つって事はな…………,マウンテン・ティム,頭の上に立たれたとき
415,第7部,お前の行為は蛇にそそのかされたイヴのごとき愚かなる過ち,ブラックモア,誰かが愚かなことをしたとき
416,第7部,"早く［Dio］が助けに来てくれないかな…もうすぐ来てくれる…
会いたいな…　もうちょっとだけ待ってみよう",マジェント・マジェント,誰かの助けを待ち続けるときに
417,第7部,この場所に「神殿」を建てよう,ヴァレンタイン大統領,もはや崇拝するしかないほど、すばらしい現象が起こっているときに
418,第7部,生贄は…　どっちになると思う？,ジョニィ・ジョースター,絶体絶命の状況から逆転したり、反撃を開始するときに
419,第7部,本当に本当に　なんて遠い廻り道…,ジョニィ・ジョースター,長かった道のりを振り返るときに
420,魔少年ビーティー,ぼくは精神的貴族に位置する！ したがって、ぼくへの命令はゆるさんッ！,ビーティー,命令を拒否するときに
421,バオー来訪者,キミを洗脳することもできるんだよッ！,ドレス研究員,一向に言う事を聞かない相手を脅すときに
422,バオー来訪者,やかましーッ！わしはこの［若者］が気に入ったぞッ！態度や言葉使いが紳士じゃ！ ［娘］のほうはどうしようもないが…泊めるつーたら泊めるんじゃあッ!!,六郎じいさん,見ず知らずの人に、一夜の宿を提供するときに
423,デッドマンズQ,鶏だろーが警察だろーが俺のとこまで来れるもんなら来てみやがれってんだァァァーーーー！,指名手配犯,警察や追跡者（時効）から、逃げ切ることを確信したとき
424,変人偏屈列伝,きさまはクビだ！ ［テスラァァァ］ーーー！ もうおれの前に二度とそのツラ見せるんじゃあねーぜこの変態がッ！,トーマス・エジソン,自分の会社に入社してきた新入りが実はモノスゴい奴で追い出さずにはいられないときに
425,変人偏屈列伝,汚染［女］が逃げたぞーーッ　きたらなしい歩くバイ菌［豚］が逃げたァァーーッ,メアリー・マローンを確保しに来た人々,自分の指示に従わずに反抗して逃げる汚染されたバイ菌的な何かを追いかけるときに
426,変人偏屈列伝,"「見せもの」ってのはこいつらの方だァァァ
うわははははははははははははははははッ！",康芳夫,新聞や雑誌、ブラウザの向こうの誰か（有名人、マスコミなど）を嘲笑するときに
427,岸辺露伴ルーヴルへ行く,"どっシャァーッ　スゲェッ！　マジッ！
いつの間にッ！　［ドリッピング画法］だッ！",露伴のファン（音石明・玉美）,著名人にサインを求めたら、既にサインが書かれていたとき
428,第1部,"恨みをはらすために
［ディオ］！きさまを殺すのだッ！",ジョナサン,恨んでいる人を殺す前に正直な気持ちを伝えるときに
429,第2部,おれが最期にみせるのは、 代々受け継いだ未来にたくす［ツェペリ魂］だ！ ［人間の魂］だ！,シーザー,死の間際に、大切なものを託していくときに
430,第3部,Massacre!（マサクゥル！）,タワー・オブ・グレー,これからみな殺しにするときに
431,第3部,"今からてめーのタマキン
かみ切ってやるぜーッ！メーン！",エボニーデビル,これからタマキンをかみ切ってやるときに
432,第3部,"［自動車］か…　［なかなかのパワーとスピードだ。］
この［DIO］が生まれた時代には、［馬車］しか［走ってい］なかった…",DIO,技術の進化やカルチャーギャップを目の当たりにしたときに
433,第3部,歩道が広いではないか…行け,DIO,交通渋滞に巻き込まれたときに
434,第3部,そ…そうだ！　わしが［上院議員］だからだッ！　［上院議員］にできないことはないからだッ！ワハハハハハハハーッ,ウィルソン・フィリップス上院議員,理解できない事象を無理やり納得しようと務めるときに
435,第3部,"さ…………最後の……［エメラルド・スプラッシュ］…
メ…ッセージ…で…す…これが…せい…いっぱい…です
［ジョースター］…さん　受け取って…ください…伝わって………ください……",花京院典明,死の間際に重要なメッセージを遺していくときに
436,第4部,自分は「ホモです」,東方仗助,女の子に嫌われたいときの告白に
437,第4部,"おまえはバカ丸出しだッ！
あの世でおまえが来るのを楽しみに待っててやるぞッ！",広瀬康一,自分にトドメを刺そうとしている相手を嘲笑するときに
438,第4部,ここは、［地球］ですか？,支倉未起隆,未知の惑星に降り立ったときに
439,第4部,"ぼくは、生まれて初めてマジに心の底から神様にお祈りした…
「どうか、このぼくに人殺しをさせてください」……と。",川尻早人,生まれて初めて殺人に手を染めたくなったときに
440,第4部,"なんていうか…その…
下品なんですが…フフ…
勃起 …しちゃいましてね…",吉良吉影,勃起したことを告白するときに
441,第5部,"フゥゥーー…… 初めて…………人をやっちまったァ～～～～～♪
でも想像してたより、なんて事はないな。",ペッシ,生まれて初めて殺人に手を染めたときに
442,第5部,スゴくいい！いいビンタだ！手首のスナップといい腰の入れ方といい、 こういう元気なビンタを繰り出せるなら、君の健康状態は間違いなく、『良好』 だ！,メローネ,女性に平手打ちでぶたれたときに
443,第5部,"（小便をしている所を指差して）
ここをのぞいてくれよオオオーッ",ナランチャ,変態趣味に走ったときに
444,第5部,これから［飛行機］を盗みたいんだが、それってどの辺に停まっているのかな？,ブチャラティ,乗り物をかっぱらったりハイジャックするときに、道でも尋ねるような雰囲気で
445,第5部,"テメェーッサッサトあの世ヘ
行キヤガレェェェェ
コノクソガアアアァァ
イツマデモコノ世ニ
ヘバリツイテンジャアネェェーッ
コラァァァーッ",スパイス・ガール,相手にあの世に逝って欲しいときに
446,第5部,よこせ！このメスがッ！,ドッピオ,アイスを食べている女の子からアイスを奪い取るときに
447,第5部,オレの「命」は… あの時、すでに終わっていたんだ,ブチャラティ,自分が既に死んでいることを誰かに暴露するときに
448,第5部,"よおーく見せるんだッ！希望が尽きて…　命を終える瞬間の顔をッ！
絶望をわたしの方に向けながら落下していけええええええええええ
うわははははははははははははははははははははははは",チョコラータ,高所から誰か（何か）を突き落とした、もしくは落下させたときに
449,第6部,"「筋肉」は信用できない。
ライフルは「骨」でささえる。",ジョンガリ・A,狙撃中に
450,第7部,"［メェーーーーェ…］
なんだっけ忘れたァァァ
ワハハハハハハハハハハハハハハハッ！
なんだっけなんだっけェェ
ヘヘヘヘヘヘヘヘヘヘ
ヘヘヘヘヘヘヘヘ
ヘヘヘヘヘヘヘヘヘ
えっとなんだっけェェ
エヘヘヘヘヘヘヘヘヘ
ヘヘヘヘヘヘヘヘヘヘ
ヘヘヘヘヘヘヘヘヘヘ
ヘヘヘヘヘヘヘヘヘ
ヘヘヘヘヘヘ
ぜんぜん忘れたァァ
ワハハハハハハハ
ハハハハハハハ
ハハハハハハハハハ
ハハハハハハ",ジャイロ,何だったかぜんぜん忘れたときに
451,第7部,圧迫よォ！呼吸が止まるくらいッ！興奮して来たわッ！早く！『圧迫祭り』よッ！お顔を圧迫してッ！,スカーレット・ヴァレンタイン,顔面騎乗してほしいときに
452,第8部,……よかったァ…ァァ オレのゲロだああああゲロゲロ,東方常秀,自分のゲロを手で受け止めながら
